"","Source","Target","Weight"
"2","alimentum","cibus",64.6920082197914
"3","alimonia","cibus",75.4884503940309
"4","daps","cibus",74.0430994225883
"5","refectio","cibus",68.9521441900277
"6","epule","cibus",67.7430078425811
"7","esca","cibus",64.4322159063641
"8","uictus2","cibus",92.1262994024613
"9","alo","cibus",117.711420737776
"10","potus3","cibus",80.9891132635317
"11","subsidium","cibus",104.994163020668
"12","comedo1","cibus",130.414647921689
"13","copia","cibus",104.328972713919
"14","delicia","cibus",87.2809229702545
"15","edulium","cibus",85.1103649508231
"16","esus","cibus",91.4933244534615
"17","pabulum","cibus",91.9936816961231
"18","panis","cibus",87.2035527502036
"19","potus2","cibus",89.6413689231585
"20","saturitas","cibus",107.94522420687
"21","coquo","cibus",124.249109380914
"22","elinguo","cibus",197.026313074751
"23","esurio1","cibus",130.037781304936
"24","holus","cibus",107.919065724534
"25","legumen","cibus",115.660606821023
"26","nutrimentum","cibus",141.636100908947
"27","pascua","cibus",116.20751866604
"28","pastus","cibus",100.689210133278
"29","reficio","cibus",121.661528879321
"30","ruminor","cibus",140.922449203583
"31","cibus","alimentum",64.6920082197914
"33","alimonia","alimentum",44.3781089369456
"34","daps","alimentum",77.020658346207
"35","refectio","alimentum",66.8626501394069
"36","epule","alimentum",75.0360379901658
"37","esca","alimentum",78.4975727848544
"38","uictus2","alimentum",85.6676018222385
"39","alo","alimentum",118.664255626857
"40","potus3","alimentum",89.8013665980167
"41","subsidium","alimentum",77.1680613183371
"42","comedo1","alimentum",139.637692091353
"43","copia","alimentum",88.6328322850083
"44","delicia","alimentum",90.2227204030611
"45","edulium","alimentum",91.9125575248185
"46","esus","alimentum",99.9108727573664
"47","pabulum","alimentum",76.5075419291265
"48","panis","alimentum",97.8723308596323
"49","potus2","alimentum",93.0662226036652
"50","saturitas","alimentum",118.430621019406
"51","coquo","alimentum",134.459534566345
"52","elinguo","alimentum",195.765961859109
"53","esurio1","alimentum",134.159300369176
"54","holus","alimentum",117.034401828787
"55","legumen","alimentum",115.61970914881
"56","nutrimentum","alimentum",127.332948812715
"57","pascua","alimentum",108.367307161303
"58","pastus","alimentum",92.2671980137218
"59","reficio","alimentum",121.754419214477
"60","ruminor","alimentum",143.964543763909
"61","cibus","alimonia",75.4884503940309
"62","alimentum","alimonia",44.3781089369456
"64","daps","alimonia",80.1810144790894
"65","refectio","alimonia",64.9437589358631
"66","epule","alimonia",76.1162421583602
"67","esca","alimonia",84.4956650194025
"68","uictus2","alimonia",84.0424584475828
"69","alo","alimonia",118.951755630318
"70","potus3","alimonia",95.0098824834221
"71","subsidium","alimonia",69.1054254901326
"72","comedo1","alimonia",138.163311685115
"73","copia","alimonia",84.8766176820458
"74","delicia","alimonia",88.3684312196684
"75","edulium","alimonia",90.2618663946629
"76","esus","alimonia",96.451855925857
"77","pabulum","alimonia",71.4511129064616
"78","panis","alimonia",100.080108380774
"79","potus2","alimonia",96.629690584856
"80","saturitas","alimonia",117.655924595821
"81","coquo","alimonia",132.794460692221
"82","elinguo","alimonia",192.639661147612
"83","esurio1","alimonia",134.719184528474
"84","holus","alimonia",118.190266858425
"85","legumen","alimonia",117.207995131331
"86","nutrimentum","alimonia",122.264691506046
"87","pascua","alimonia",104.438755933767
"88","pastus","alimonia",90.3662245972642
"89","reficio","alimonia",120.811407264125
"90","ruminor","alimonia",143.370895117862
"91","cibus","daps",74.0430994225883
"92","alimentum","daps",77.020658346207
"93","alimonia","daps",80.1810144790894
"95","refectio","daps",71.330716432023
"96","epule","daps",59.0735050346994
"97","esca","daps",82.3254656762967
"98","uictus2","daps",98.3152727426687
"99","alo","daps",104.956522606027
"100","potus3","daps",79.1541815222857
"101","subsidium","daps",94.3005039779899
"102","comedo1","daps",119.922491055129
"103","copia","daps",87.3130138127693
"104","delicia","daps",74.7610869291272
"105","edulium","daps",78.717176032259
"106","esus","daps",100.177668725769
"107","pabulum","daps",88.2701251078461
"108","panis","daps",93.2647118336359
"109","potus2","daps",90.2864848443077
"110","saturitas","daps",96.2835587695446
"111","coquo","daps",116.505487578877
"112","elinguo","daps",174.648504475261
"113","esurio1","daps",114.822082136337
"114","holus","daps",100.257326194856
"115","legumen","daps",105.635864224973
"116","nutrimentum","daps",128.33858251111
"117","pascua","daps",106.090174642166
"118","pastus","daps",97.4916381368733
"119","reficio","daps",100.58419389082
"120","ruminor","daps",119.51880101205
"121","cibus","refectio",68.9521441900277
"122","alimentum","refectio",66.8626501394069
"123","alimonia","refectio",64.9437589358631
"124","daps","refectio",71.330716432023
"126","epule","refectio",65.6803430868211
"127","esca","refectio",74.0690496867687
"128","uictus2","refectio",87.7311939268508
"129","alo","refectio",110.029646828944
"130","potus3","refectio",87.4259538562219
"131","subsidium","refectio",85.8991994367652
"132","comedo1","refectio",124.735226872247
"133","copia","refectio",91.5438372780691
"134","delicia","refectio",80.6902423845697
"135","edulium","refectio",82.3837281658887
"136","esus","refectio",88.3729720017754
"137","pabulum","refectio",85.8407609283511
"138","panis","refectio",91.9030685321691
"139","potus2","refectio",90.5317659521506
"140","saturitas","refectio",99.2826762869019
"141","coquo","refectio",119.064190131125
"142","elinguo","refectio",182.943617061445
"143","esurio1","refectio",121.161672708207
"144","holus","refectio",110.054813882438
"145","legumen","refectio",114.189213968236
"146","nutrimentum","refectio",126.884717379603
"147","pascua","refectio",106.233919506166
"148","pastus","refectio",92.0331027977811
"149","reficio","refectio",104.105180386808
"150","ruminor","refectio",128.767687602355
"151","cibus","epule",67.7430078425811
"152","alimentum","epule",75.0360379901658
"153","alimonia","epule",76.1162421583602
"154","daps","epule",59.0735050346994
"155","refectio","epule",65.6803430868211
"157","esca","epule",83.6903744450368
"158","uictus2","epule",93.089000411074
"159","alo","epule",116.715692412442
"160","potus3","epule",79.5360755265721
"161","subsidium","epule",92.7994259734359
"162","comedo1","epule",130.053735687947
"163","copia","epule",85.5752009467806
"164","delicia","epule",65.9399779153524
"165","edulium","epule",84.2842064465446
"166","esus","epule",97.5260687910713
"167","pabulum","epule",83.3657372268011
"168","panis","epule",93.492484216249
"169","potus2","epule",89.0257644019823
"170","saturitas","epule",105.374087894366
"171","coquo","epule",126.35884992094
"172","elinguo","epule",182.911089194556
"173","esurio1","epule",125.991314602979
"174","holus","epule",108.543949660801
"175","legumen","epule",113.817709109976
"176","nutrimentum","epule",129.252123780781
"177","pascua","epule",100.346308131163
"178","pastus","epule",93.120038555412
"179","reficio","epule",112.679092885329
"180","ruminor","epule",133.197001349015
"181","cibus","esca",64.4322159063641
"182","alimentum","esca",78.4975727848544
"183","alimonia","esca",84.4956650194025
"184","daps","esca",82.3254656762967
"185","refectio","esca",74.0690496867687
"186","epule","esca",83.6903744450368
"188","uictus2","esca",89.7521094299416
"189","alo","esca",101.006911867364
"190","potus3","esca",88.8618071955258
"191","subsidium","esca",100.625698392642
"192","comedo1","esca",110.105738476502
"193","copia","esca",101.094442217864
"194","delicia","esca",87.5330867185635
"195","edulium","esca",83.2380357958231
"196","esus","esca",83.9512009398325
"197","pabulum","esca",91.895950389981
"198","panis","esca",81.3457387573754
"199","potus2","esca",76.6397569704366
"200","saturitas","esca",88.3530603028276
"201","coquo","esca",107.742306365802
"202","elinguo","esca",173.291665813239
"203","esurio1","esca",110.553989672349
"204","holus","esca",103.502089560208
"205","legumen","esca",111.146366793992
"206","nutrimentum","esca",127.453562231471
"207","pascua","esca",108.114503187442
"208","pastus","esca",91.6093971105917
"209","reficio","esca",102.794880322058
"210","ruminor","esca",121.46839178258
"211","cibus","uictus2",92.1262994024613
"212","alimentum","uictus2",85.6676018222385
"213","alimonia","uictus2",84.0424584475828
"214","daps","uictus2",98.3152727426687
"215","refectio","uictus2",87.7311939268508
"216","epule","uictus2",93.089000411074
"217","esca","uictus2",89.7521094299416
"219","alo","uictus2",112.642125725769
"220","potus3","uictus2",101.115751271553
"221","subsidium","uictus2",73.4082957015446
"222","comedo1","uictus2",128.047265302844
"223","copia","uictus2",84.7878467091387
"224","delicia","uictus2",89.1622720308895
"225","edulium","uictus2",102.567100632092
"226","esus","uictus2",97.6448411430452
"227","pabulum","uictus2",88.7561969493716
"228","panis","uictus2",90.6408707718732
"229","potus2","uictus2",100.132490577577
"230","saturitas","uictus2",117.227483199233
"231","coquo","uictus2",127.143030064442
"232","elinguo","uictus2",154.659644784144
"233","esurio1","uictus2",121.244311555099
"234","holus","uictus2",104.583715976085
"235","legumen","uictus2",101.328416555948
"236","nutrimentum","uictus2",108.380362350785
"237","pascua","uictus2",96.9479478519774
"238","pastus","uictus2",86.3333271969936
"239","reficio","uictus2",117.299005294041
"240","ruminor","uictus2",130.739886394891
"241","cibus","alo",117.711420737776
"242","alimentum","alo",118.664255626857
"243","alimonia","alo",118.951755630318
"244","daps","alo",104.956522606027
"245","refectio","alo",110.029646828944
"246","epule","alo",116.715692412442
"247","esca","alo",101.006911867364
"248","uictus2","alo",112.642125725769
"250","potus3","alo",109.924475459542
"251","subsidium","alo",114.912528497352
"252","comedo1","alo",75.3687473253096
"253","copia","alo",116.935601867107
"254","delicia","alo",112.411089554248
"255","edulium","alo",98.6982378076293
"256","esus","alo",107.059945298143
"257","pabulum","alo",118.174347807423
"258","panis","alo",108.743301611828
"259","potus2","alo",111.578249516183
"260","saturitas","alo",89.2619143972257
"261","coquo","alo",89.9551673395845
"262","elinguo","alo",142.891411918854
"263","esurio1","alo",71.9210468506514
"264","holus","alo",92.5018574028084
"265","legumen","alo",107.407863239214
"266","nutrimentum","alo",126.635623255472
"267","pascua","alo",108.493021600169
"268","pastus","alo",105.717447888542
"269","reficio","alo",68.9027029434168
"270","ruminor","alo",76.1980738234221
"271","cibus","potus3",80.9891132635317
"272","alimentum","potus3",89.8013665980167
"273","alimonia","potus3",95.0098824834221
"274","daps","potus3",79.1541815222857
"275","refectio","potus3",87.4259538562219
"276","epule","potus3",79.5360755265721
"277","esca","potus3",88.8618071955258
"278","uictus2","potus3",101.115751271553
"279","alo","potus3",109.924475459542
"281","subsidium","potus3",105.606467194231
"282","comedo1","potus3",118.906889349039
"283","copia","potus3",93.4156545553084
"284","delicia","potus3",89.3880985454438
"285","edulium","potus3",84.4379659580364
"286","esus","potus3",93.260282682801
"287","pabulum","potus3",99.6839218589152
"288","panis","potus3",86.5894779858296
"289","potus2","potus3",65.2902855844236
"290","saturitas","potus3",102.481504020307
"291","coquo","potus3",106.872534514006
"292","elinguo","potus3",164.432243018654
"293","esurio1","potus3",115.368804260886
"294","holus","potus3",94.1354477795354
"295","legumen","potus3",88.7379451897243
"296","nutrimentum","potus3",125.871541921821
"297","pascua","potus3",104.116857177001
"298","pastus","potus3",100.453192128783
"299","reficio","potus3",109.380498577027
"300","ruminor","potus3",120.049695316013
"301","cibus","subsidium",104.994163020668
"302","alimentum","subsidium",77.1680613183371
"303","alimonia","subsidium",69.1054254901326
"304","daps","subsidium",94.3005039779899
"305","refectio","subsidium",85.8991994367652
"306","epule","subsidium",92.7994259734359
"307","esca","subsidium",100.625698392642
"308","uictus2","subsidium",73.4082957015446
"309","alo","subsidium",114.912528497352
"310","potus3","subsidium",105.606467194231
"312","comedo1","subsidium",134.693303221931
"313","copia","subsidium",72.182058536895
"314","delicia","subsidium",90.3193217410189
"315","edulium","subsidium",101.26118914048
"316","esus","subsidium",106.490391474445
"317","pabulum","subsidium",81.8660454592063
"318","panis","subsidium",106.636583515793
"319","potus2","subsidium",102.002858792985
"320","saturitas","subsidium",120.752344716565
"321","coquo","subsidium",131.457612690388
"322","elinguo","subsidium",165.629332305847
"323","esurio1","subsidium",127.553466645964
"324","holus","subsidium",116.303059329021
"325","legumen","subsidium",110.990274335758
"326","nutrimentum","subsidium",107.515434080647
"327","pascua","subsidium",95.5058592588713
"328","pastus","subsidium",90.0984399081107
"329","reficio","subsidium",114.932797352173
"330","ruminor","subsidium",134.24092306136
"331","cibus","comedo1",130.414647921689
"332","alimentum","comedo1",139.637692091353
"333","alimonia","comedo1",138.163311685115
"334","daps","comedo1",119.922491055129
"335","refectio","comedo1",124.735226872247
"336","epule","comedo1",130.053735687947
"337","esca","comedo1",110.105738476502
"338","uictus2","comedo1",128.047265302844
"339","alo","comedo1",75.3687473253096
"340","potus3","comedo1",118.906889349039
"341","subsidium","comedo1",134.693303221931
"343","copia","comedo1",130.93265073804
"344","delicia","comedo1",124.018984375776
"345","edulium","comedo1",102.942616583688
"346","esus","comedo1",102.64417798131
"347","pabulum","comedo1",133.493124533775
"348","panis","comedo1",107.633259059551
"349","potus2","comedo1",114.90476987416
"350","saturitas","comedo1",82.2467314738527
"351","coquo","comedo1",73.5527842512807
"352","elinguo","comedo1",135.139730609134
"353","esurio1","comedo1",77.4426131350112
"354","holus","comedo1",92.2805817532716
"355","legumen","comedo1",111.492726488453
"356","nutrimentum","comedo1",136.734434751767
"357","pascua","comedo1",120.386981315975
"358","pastus","comedo1",124.300145756549
"359","reficio","comedo1",82.1335293551727
"360","ruminor","comedo1",78.3467416886012
"361","cibus","copia",104.328972713919
"362","alimentum","copia",88.6328322850083
"363","alimonia","copia",84.8766176820458
"364","daps","copia",87.3130138127693
"365","refectio","copia",91.5438372780691
"366","epule","copia",85.5752009467806
"367","esca","copia",101.094442217864
"368","uictus2","copia",84.7878467091387
"369","alo","copia",116.935601867107
"370","potus3","copia",93.4156545553084
"371","subsidium","copia",72.182058536895
"372","comedo1","copia",130.93265073804
"374","delicia","copia",82.069635593949
"375","edulium","copia",100.109978774579
"376","esus","copia",103.330526516543
"377","pabulum","copia",87.2146425934074
"378","panis","copia",100.324804929676
"379","potus2","copia",94.6472449731585
"380","saturitas","copia",114.755078372075
"381","coquo","copia",127.384997308673
"382","elinguo","copia",162.33885810809
"383","esurio1","copia",127.647538786926
"384","holus","copia",107.880696090317
"385","legumen","copia",105.339773265543
"386","nutrimentum","copia",109.274724776329
"387","pascua","copia",94.512827648798
"388","pastus","copia",95.5390856363754
"389","reficio","copia",117.888924403942
"390","ruminor","copia",133.132173099828
"391","cibus","delicia",87.2809229702545
"392","alimentum","delicia",90.2227204030611
"393","alimonia","delicia",88.3684312196684
"394","daps","delicia",74.7610869291272
"395","refectio","delicia",80.6902423845697
"396","epule","delicia",65.9399779153524
"397","esca","delicia",87.5330867185635
"398","uictus2","delicia",89.1622720308895
"399","alo","delicia",112.411089554248
"400","potus3","delicia",89.3880985454438
"401","subsidium","delicia",90.3193217410189
"402","comedo1","delicia",124.018984375776
"403","copia","delicia",82.069635593949
"405","edulium","delicia",86.0898227321015
"406","esus","delicia",97.1387934802423
"407","pabulum","delicia",89.5796130228302
"408","panis","delicia",90.3875498899723
"409","potus2","delicia",92.4100998899968
"410","saturitas","delicia",98.6728248775541
"411","coquo","delicia",122.208928417761
"412","elinguo","delicia",168.284774789215
"413","esurio1","delicia",120.781188549299
"414","holus","delicia",106.738613236405
"415","legumen","delicia",111.001467263757
"416","nutrimentum","delicia",116.66394666913
"417","pascua","delicia",95.1358343848898
"418","pastus","delicia",91.5186246144993
"419","reficio","delicia",108.593921685969
"420","ruminor","delicia",127.593165462806
"421","cibus","edulium",85.1103649508231
"422","alimentum","edulium",91.9125575248185
"423","alimonia","edulium",90.2618663946629
"424","daps","edulium",78.717176032259
"425","refectio","edulium",82.3837281658887
"426","epule","edulium",84.2842064465446
"427","esca","edulium",83.2380357958231
"428","uictus2","edulium",102.567100632092
"429","alo","edulium",98.6982378076293
"430","potus3","edulium",84.4379659580364
"431","subsidium","edulium",101.26118914048
"432","comedo1","edulium",102.942616583688
"433","copia","edulium",100.109978774579
"434","delicia","edulium",86.0898227321015
"436","esus","edulium",80.6504172626587
"437","pabulum","edulium",96.0227326485603
"438","panis","edulium",92.568974748069
"439","potus2","edulium",91.4260805512367
"440","saturitas","edulium",83.9075514589101
"441","coquo","edulium",92.8581466777014
"442","elinguo","edulium",164.394153841568
"443","esurio1","edulium",108.354295953991
"444","holus","edulium",94.5637910877645
"445","legumen","edulium",100.806526937088
"446","nutrimentum","edulium",124.069513035805
"447","pascua","edulium",101.835202499168
"448","pastus","edulium",100.442743984307
"449","reficio","edulium",99.4329359756014
"450","ruminor","edulium",110.620641133358
"451","cibus","esus",91.4933244534615
"452","alimentum","esus",99.9108727573664
"453","alimonia","esus",96.451855925857
"454","daps","esus",100.177668725769
"455","refectio","esus",88.3729720017754
"456","epule","esus",97.5260687910713
"457","esca","esus",83.9512009398325
"458","uictus2","esus",97.6448411430452
"459","alo","esus",107.059945298143
"460","potus3","esus",93.260282682801
"461","subsidium","esus",106.490391474445
"462","comedo1","esus",102.64417798131
"463","copia","esus",103.330526516543
"464","delicia","esus",97.1387934802423
"465","edulium","esus",80.6504172626587
"467","pabulum","esus",95.0485418064161
"468","panis","esus",89.7678683288076
"469","potus2","esus",92.7917176755403
"470","saturitas","esus",93.1553626887416
"471","coquo","esus",98.6920873267195
"472","elinguo","esus",165.729663942685
"473","esurio1","esus",119.968374692143
"474","holus","esus",101.437939216513
"475","legumen","esus",108.514450220894
"476","nutrimentum","esus",110.192460271845
"477","pascua","esus",101.906330367088
"478","pastus","esus",95.3736009431258
"479","reficio","esus",112.736277798804
"480","ruminor","esus",121.406384634067
"481","cibus","pabulum",91.9936816961231
"482","alimentum","pabulum",76.5075419291265
"483","alimonia","pabulum",71.4511129064616
"484","daps","pabulum",88.2701251078461
"485","refectio","pabulum",85.8407609283511
"486","epule","pabulum",83.3657372268011
"487","esca","pabulum",91.895950389981
"488","uictus2","pabulum",88.7561969493716
"489","alo","pabulum",118.174347807423
"490","potus3","pabulum",99.6839218589152
"491","subsidium","pabulum",81.8660454592063
"492","comedo1","pabulum",133.493124533775
"493","copia","pabulum",87.2146425934074
"494","delicia","pabulum",89.5796130228302
"495","edulium","pabulum",96.0227326485603
"496","esus","pabulum",95.0485418064161
"498","panis","pabulum",96.275955795166
"499","potus2","pabulum",99.2111255775009
"500","saturitas","pabulum",119.416477985754
"501","coquo","pabulum",129.019116268339
"502","elinguo","pabulum",177.861502091468
"503","esurio1","pabulum",133.944053980801
"504","holus","pabulum",112.15749733241
"505","legumen","pabulum",114.321108468905
"506","nutrimentum","pabulum",97.6815932196734
"507","pascua","pabulum",84.7542670937589
"508","pastus","pabulum",71.0821704380966
"509","reficio","pabulum",121.474007117402
"510","ruminor","pabulum",135.995011593609
"511","cibus","panis",87.2035527502036
"512","alimentum","panis",97.8723308596323
"513","alimonia","panis",100.080108380774
"514","daps","panis",93.2647118336359
"515","refectio","panis",91.9030685321691
"516","epule","panis",93.492484216249
"517","esca","panis",81.3457387573754
"518","uictus2","panis",90.6408707718732
"519","alo","panis",108.743301611828
"520","potus3","panis",86.5894779858296
"521","subsidium","panis",106.636583515793
"522","comedo1","panis",107.633259059551
"523","copia","panis",100.324804929676
"524","delicia","panis",90.3875498899723
"525","edulium","panis",92.568974748069
"526","esus","panis",89.7678683288076
"527","pabulum","panis",96.275955795166
"529","potus2","panis",80.2753083863412
"530","saturitas","panis",95.1783958918264
"531","coquo","panis",104.947265917182
"532","elinguo","panis",154.222025305481
"533","esurio1","panis",107.357605012018
"534","holus","panis",90.6321023535458
"535","legumen","panis",95.5163704686776
"536","nutrimentum","panis",118.779421937948
"537","pascua","panis",102.626914283588
"538","pastus","panis",98.2291370982781
"539","reficio","panis",107.799561772553
"540","ruminor","panis",115.948237456314
"541","cibus","potus2",89.6413689231585
"542","alimentum","potus2",93.0662226036652
"543","alimonia","potus2",96.629690584856
"544","daps","potus2",90.2864848443077
"545","refectio","potus2",90.5317659521506
"546","epule","potus2",89.0257644019823
"547","esca","potus2",76.6397569704366
"548","uictus2","potus2",100.132490577577
"549","alo","potus2",111.578249516183
"550","potus3","potus2",65.2902855844236
"551","subsidium","potus2",102.002858792985
"552","comedo1","potus2",114.90476987416
"553","copia","potus2",94.6472449731585
"554","delicia","potus2",92.4100998899968
"555","edulium","potus2",91.4260805512367
"556","esus","potus2",92.7917176755403
"557","pabulum","potus2",99.2111255775009
"558","panis","potus2",80.2753083863412
"560","saturitas","potus2",97.9514509954976
"561","coquo","potus2",107.556414373218
"562","elinguo","potus2",160.51247377285
"563","esurio1","potus2",112.901858672624
"564","holus","potus2",103.246895855856
"565","legumen","potus2",101.290135305631
"566","nutrimentum","potus2",122.606923787889
"567","pascua","potus2",108.089217554967
"568","pastus","potus2",100.177533885352
"569","reficio","potus2",107.483016253752
"570","ruminor","potus2",119.203764206688
"571","cibus","saturitas",107.94522420687
"572","alimentum","saturitas",118.430621019406
"573","alimonia","saturitas",117.655924595821
"574","daps","saturitas",96.2835587695446
"575","refectio","saturitas",99.2826762869019
"576","epule","saturitas",105.374087894366
"577","esca","saturitas",88.3530603028276
"578","uictus2","saturitas",117.227483199233
"579","alo","saturitas",89.2619143972257
"580","potus3","saturitas",102.481504020307
"581","subsidium","saturitas",120.752344716565
"582","comedo1","saturitas",82.2467314738527
"583","copia","saturitas",114.755078372075
"584","delicia","saturitas",98.6728248775541
"585","edulium","saturitas",83.9075514589101
"586","esus","saturitas",93.1553626887416
"587","pabulum","saturitas",119.416477985754
"588","panis","saturitas",95.1783958918264
"589","potus2","saturitas",97.9514509954976
"591","coquo","saturitas",78.2901933418001
"592","elinguo","saturitas",150.435419822602
"593","esurio1","saturitas",86.7687180622323
"594","holus","saturitas",94.7067769465837
"595","legumen","saturitas",109.246427785408
"596","nutrimentum","saturitas",134.140342350573
"597","pascua","saturitas",115.155844274399
"598","pastus","saturitas",114.474436595321
"599","reficio","saturitas",88.0916741751499
"600","ruminor","saturitas",95.3974060354796
"601","cibus","coquo",124.249109380914
"602","alimentum","coquo",134.459534566345
"603","alimonia","coquo",132.794460692221
"604","daps","coquo",116.505487578877
"605","refectio","coquo",119.064190131125
"606","epule","coquo",126.35884992094
"607","esca","coquo",107.742306365802
"608","uictus2","coquo",127.143030064442
"609","alo","coquo",89.9551673395845
"610","potus3","coquo",106.872534514006
"611","subsidium","coquo",131.457612690388
"612","comedo1","coquo",73.5527842512807
"613","copia","coquo",127.384997308673
"614","delicia","coquo",122.208928417761
"615","edulium","coquo",92.8581466777014
"616","esus","coquo",98.6920873267195
"617","pabulum","coquo",129.019116268339
"618","panis","coquo",104.947265917182
"619","potus2","coquo",107.556414373218
"620","saturitas","coquo",78.2901933418001
"622","elinguo","coquo",138.053153910531
"623","esurio1","coquo",91.3293217331168
"624","holus","coquo",89.9635554067692
"625","legumen","coquo",99.5588532174288
"626","nutrimentum","coquo",133.373508832881
"627","pascua","coquo",117.697048104195
"628","pastus","coquo",122.825858363753
"629","reficio","coquo",95.6858641575999
"630","ruminor","coquo",89.0990006544322
"631","cibus","elinguo",197.026313074751
"632","alimentum","elinguo",195.765961859109
"633","alimonia","elinguo",192.639661147612
"634","daps","elinguo",174.648504475261
"635","refectio","elinguo",182.943617061445
"636","epule","elinguo",182.911089194556
"637","esca","elinguo",173.291665813239
"638","uictus2","elinguo",154.659644784144
"639","alo","elinguo",142.891411918854
"640","potus3","elinguo",164.432243018654
"641","subsidium","elinguo",165.629332305847
"642","comedo1","elinguo",135.139730609134
"643","copia","elinguo",162.33885810809
"644","delicia","elinguo",168.284774789215
"645","edulium","elinguo",164.394153841568
"646","esus","elinguo",165.729663942685
"647","pabulum","elinguo",177.861502091468
"648","panis","elinguo",154.222025305481
"649","potus2","elinguo",160.51247377285
"650","saturitas","elinguo",150.435419822602
"651","coquo","elinguo",138.053153910531
"653","esurio1","elinguo",124.138390040295
"654","holus","elinguo",142.905737016629
"655","legumen","elinguo",134.983547819301
"656","nutrimentum","elinguo",149.848988208685
"657","pascua","elinguo",149.752075363337
"658","pastus","elinguo",162.400529418708
"659","reficio","elinguo",140.607418915267
"660","ruminor","elinguo",121.73482055846
"661","cibus","esurio1",130.037781304936
"662","alimentum","esurio1",134.159300369176
"663","alimonia","esurio1",134.719184528474
"664","daps","esurio1",114.822082136337
"665","refectio","esurio1",121.161672708207
"666","epule","esurio1",125.991314602979
"667","esca","esurio1",110.553989672349
"668","uictus2","esurio1",121.244311555099
"669","alo","esurio1",71.9210468506514
"670","potus3","esurio1",115.368804260886
"671","subsidium","esurio1",127.553466645964
"672","comedo1","esurio1",77.4426131350112
"673","copia","esurio1",127.647538786926
"674","delicia","esurio1",120.781188549299
"675","edulium","esurio1",108.354295953991
"676","esus","esurio1",119.968374692143
"677","pabulum","esurio1",133.944053980801
"678","panis","esurio1",107.357605012018
"679","potus2","esurio1",112.901858672624
"680","saturitas","esurio1",86.7687180622323
"681","coquo","esurio1",91.3293217331168
"682","elinguo","esurio1",124.138390040295
"684","holus","esurio1",96.2091157526333
"685","legumen","esurio1",106.403035572759
"686","nutrimentum","esurio1",139.375423535116
"687","pascua","esurio1",121.646006017875
"688","pastus","esurio1",123.313480098484
"689","reficio","esurio1",73.7863543553194
"690","ruminor","esurio1",70.0254820025516
"691","cibus","holus",107.919065724534
"692","alimentum","holus",117.034401828787
"693","alimonia","holus",118.190266858425
"694","daps","holus",100.257326194856
"695","refectio","holus",110.054813882438
"696","epule","holus",108.543949660801
"697","esca","holus",103.502089560208
"698","uictus2","holus",104.583715976085
"699","alo","holus",92.5018574028084
"700","potus3","holus",94.1354477795354
"701","subsidium","holus",116.303059329021
"702","comedo1","holus",92.2805817532716
"703","copia","holus",107.880696090317
"704","delicia","holus",106.738613236405
"705","edulium","holus",94.5637910877645
"706","esus","holus",101.437939216513
"707","pabulum","holus",112.15749733241
"708","panis","holus",90.6321023535458
"709","potus2","holus",103.246895855856
"710","saturitas","holus",94.7067769465837
"711","coquo","holus",89.9635554067692
"712","elinguo","holus",142.905737016629
"713","esurio1","holus",96.2091157526333
"715","legumen","holus",73.5848597821012
"716","nutrimentum","holus",125.132800948421
"717","pascua","holus",100.130336367464
"718","pastus","holus",111.827232635719
"719","reficio","holus",99.806884295744
"720","ruminor","holus",97.7962005659209
"721","cibus","legumen",115.660606821023
"722","alimentum","legumen",115.61970914881
"723","alimonia","legumen",117.207995131331
"724","daps","legumen",105.635864224973
"725","refectio","legumen",114.189213968236
"726","epule","legumen",113.817709109976
"727","esca","legumen",111.146366793992
"728","uictus2","legumen",101.328416555948
"729","alo","legumen",107.407863239214
"730","potus3","legumen",88.7379451897243
"731","subsidium","legumen",110.990274335758
"732","comedo1","legumen",111.492726488453
"733","copia","legumen",105.339773265543
"734","delicia","legumen",111.001467263757
"735","edulium","legumen",100.806526937088
"736","esus","legumen",108.514450220894
"737","pabulum","legumen",114.321108468905
"738","panis","legumen",95.5163704686776
"739","potus2","legumen",101.290135305631
"740","saturitas","legumen",109.246427785408
"741","coquo","legumen",99.5588532174288
"742","elinguo","legumen",134.983547819301
"743","esurio1","legumen",106.403035572759
"744","holus","legumen",73.5848597821012
"746","nutrimentum","legumen",122.071998783558
"747","pascua","legumen",95.9863356364883
"748","pastus","legumen",112.719696179929
"749","reficio","legumen",111.097064177673
"750","ruminor","legumen",108.963077393906
"751","cibus","nutrimentum",141.636100908947
"752","alimentum","nutrimentum",127.332948812715
"753","alimonia","nutrimentum",122.264691506046
"754","daps","nutrimentum",128.33858251111
"755","refectio","nutrimentum",126.884717379603
"756","epule","nutrimentum",129.252123780781
"757","esca","nutrimentum",127.453562231471
"758","uictus2","nutrimentum",108.380362350785
"759","alo","nutrimentum",126.635623255472
"760","potus3","nutrimentum",125.871541921821
"761","subsidium","nutrimentum",107.515434080647
"762","comedo1","nutrimentum",136.734434751767
"763","copia","nutrimentum",109.274724776329
"764","delicia","nutrimentum",116.66394666913
"765","edulium","nutrimentum",124.069513035805
"766","esus","nutrimentum",110.192460271845
"767","pabulum","nutrimentum",97.6815932196734
"768","panis","nutrimentum",118.779421937948
"769","potus2","nutrimentum",122.606923787889
"770","saturitas","nutrimentum",134.140342350573
"771","coquo","nutrimentum",133.373508832881
"772","elinguo","nutrimentum",149.848988208685
"773","esurio1","nutrimentum",139.375423535116
"774","holus","nutrimentum",125.132800948421
"775","legumen","nutrimentum",122.071998783558
"777","pascua","nutrimentum",98.595139386292
"778","pastus","nutrimentum",93.6293809550114
"779","reficio","nutrimentum",132.096756312476
"780","ruminor","nutrimentum",134.865725785424
"781","cibus","pascua",116.20751866604
"782","alimentum","pascua",108.367307161303
"783","alimonia","pascua",104.438755933767
"784","daps","pascua",106.090174642166
"785","refectio","pascua",106.233919506166
"786","epule","pascua",100.346308131163
"787","esca","pascua",108.114503187442
"788","uictus2","pascua",96.9479478519774
"789","alo","pascua",108.493021600169
"790","potus3","pascua",104.116857177001
"791","subsidium","pascua",95.5058592588713
"792","comedo1","pascua",120.386981315975
"793","copia","pascua",94.512827648798
"794","delicia","pascua",95.1358343848898
"795","edulium","pascua",101.835202499168
"796","esus","pascua",101.906330367088
"797","pabulum","pascua",84.7542670937589
"798","panis","pascua",102.626914283588
"799","potus2","pascua",108.089217554967
"800","saturitas","pascua",115.155844274399
"801","coquo","pascua",117.697048104195
"802","elinguo","pascua",149.752075363337
"803","esurio1","pascua",121.646006017875
"804","holus","pascua",100.130336367464
"805","legumen","pascua",95.9863356364883
"806","nutrimentum","pascua",98.595139386292
"808","pastus","pascua",79.7914269019484
"809","reficio","pascua",114.799326780338
"810","ruminor","pascua",119.949939110048
"811","cibus","pastus",100.689210133278
"812","alimentum","pastus",92.2671980137218
"813","alimonia","pastus",90.3662245972642
"814","daps","pastus",97.4916381368733
"815","refectio","pastus",92.0331027977811
"816","epule","pastus",93.120038555412
"817","esca","pastus",91.6093971105917
"818","uictus2","pastus",86.3333271969936
"819","alo","pastus",105.717447888542
"820","potus3","pastus",100.453192128783
"821","subsidium","pastus",90.0984399081107
"822","comedo1","pastus",124.300145756549
"823","copia","pastus",95.5390856363754
"824","delicia","pastus",91.5186246144993
"825","edulium","pastus",100.442743984307
"826","esus","pastus",95.3736009431258
"827","pabulum","pastus",71.0821704380966
"828","panis","pastus",98.2291370982781
"829","potus2","pastus",100.177533885352
"830","saturitas","pastus",114.474436595321
"831","coquo","pastus",122.825858363753
"832","elinguo","pastus",162.400529418708
"833","esurio1","pastus",123.313480098484
"834","holus","pastus",111.827232635719
"835","legumen","pastus",112.719696179929
"836","nutrimentum","pastus",93.6293809550114
"837","pascua","pastus",79.7914269019484
"839","reficio","pastus",111.482147010111
"840","ruminor","pastus",128.338044506593
"841","cibus","reficio",121.661528879321
"842","alimentum","reficio",121.754419214477
"843","alimonia","reficio",120.811407264125
"844","daps","reficio",100.58419389082
"845","refectio","reficio",104.105180386808
"846","epule","reficio",112.679092885329
"847","esca","reficio",102.794880322058
"848","uictus2","reficio",117.299005294041
"849","alo","reficio",68.9027029434168
"850","potus3","reficio",109.380498577027
"851","subsidium","reficio",114.932797352173
"852","comedo1","reficio",82.1335293551727
"853","copia","reficio",117.888924403942
"854","delicia","reficio",108.593921685969
"855","edulium","reficio",99.4329359756014
"856","esus","reficio",112.736277798804
"857","pabulum","reficio",121.474007117402
"858","panis","reficio",107.799561772553
"859","potus2","reficio",107.483016253752
"860","saturitas","reficio",88.0916741751499
"861","coquo","reficio",95.6858641575999
"862","elinguo","reficio",140.607418915267
"863","esurio1","reficio",73.7863543553194
"864","holus","reficio",99.806884295744
"865","legumen","reficio",111.097064177673
"866","nutrimentum","reficio",132.096756312476
"867","pascua","reficio",114.799326780338
"868","pastus","reficio",111.482147010111
"870","ruminor","reficio",78.03034081009
"871","cibus","ruminor",140.922449203583
"872","alimentum","ruminor",143.964543763909
"873","alimonia","ruminor",143.370895117862
"874","daps","ruminor",119.51880101205
"875","refectio","ruminor",128.767687602355
"876","epule","ruminor",133.197001349015
"877","esca","ruminor",121.46839178258
"878","uictus2","ruminor",130.739886394891
"879","alo","ruminor",76.1980738234221
"880","potus3","ruminor",120.049695316013
"881","subsidium","ruminor",134.24092306136
"882","comedo1","ruminor",78.3467416886012
"883","copia","ruminor",133.132173099828
"884","delicia","ruminor",127.593165462806
"885","edulium","ruminor",110.620641133358
"886","esus","ruminor",121.406384634067
"887","pabulum","ruminor",135.995011593609
"888","panis","ruminor",115.948237456314
"889","potus2","ruminor",119.203764206688
"890","saturitas","ruminor",95.3974060354796
"891","coquo","ruminor",89.0990006544322
"892","elinguo","ruminor",121.73482055846
"893","esurio1","ruminor",70.0254820025516
"894","holus","ruminor",97.7962005659209
"895","legumen","ruminor",108.963077393906
"896","nutrimentum","ruminor",134.865725785424
"897","pascua","ruminor",119.949939110048
"898","pastus","ruminor",128.338044506593
"899","reficio","ruminor",78.03034081009
